Name,Hash,Tags
TechGenus,M2foP6vPBMJ9uasZYHhZFQsYGwiKgPH1VfNZYTj6zRwWGL4q+owJhk+InmcE4Ukl95hBOHa+ECsM/74jwlj7bT8DCF9RWccIw2d3OjDDsJLHTAYY/rhZGY4fBzkxHizYwdq3JoZRU+AIs+h9btaMa9msbzbKsMCw0bsvrCBsOe89IwhPSWVjBmGQ2wE=,Anime;Basic
z_Labrynth,M2c42nObBYY7LikzTBVPZgFhw41CDDDMrm/HBMJ/8jNZQPj3HRFGi8D3TP3fWVhrv+1nAOGpB/4ygrDotjZWGJZ0ngvH285/ZIHhFc/sGGFYyWMmAwxzOx1jgeFi6SAGEK67bcMEwifj9zODsN+mV6wgvGPfXCYYLv+2nxGG38/VY4JhkJ8A,NonAnime;Basic
BlueEyes,M2dYuTKcFYZf7vZmgmGz41vBeP5vaxYYbn5wkMV9Ty0DDN8XrWYC4d93RBhrv+1nAOG2SRlwvH7hCyYYblnlCscrnuqzgnB6ny0LDCt5zGSA4WNhLiww/KxOgQGE785dB8b9e34yB5sVMIGw6YUJzCDMN0+NAYQn9wYzgXBWtCIjCIP8AQA=,Anime;Basic
CodeFirewall,M2e4MdeeBYSXpZgxgbAs63cGGM5NrWKBYVt5C0YYbqjVZIVh9pbTjLvjTzLD8NWwuwxgfFEZjudukWM8YZjBDMK/74gw1n7bzwDCl89PZoZhJY+ZDDDs+70Ajp0++4DxERdFVhBmnVDKDMKNsWeYQPgPmz4zCLdu2soEw30JE5lBGGQ3AA==,Anime;Basic
CyberDragon,M2cwmqjLAsNMkzqYYXhK0klGGH49JQeOEwoEGWD4P08MMwzbrZ8Dx+d3a7GCcK32D0YYPrbyFsvvOyKM0jfMGWB47/J8RhCu/bafAYR1/gYyg7CSx0wGGG7wMWQF4d4FTHC8LWY+AwwX2aQxdwiWwfG+ryeYYBjkXgA=,Anime;Basic
HarpieLady,M2foT6lkAeHZefHMMLzvTQIrDMuJRDLB8L5jVawwfObnF2YY/r8ogRWGj628xfL7jgjjJp9wJhDu/87CWvttPwMIn3boZAXh2QLqjDDcGtHCAsKP3CxZYVjJYyYDDHf7HGWG4fkTshhA2P/hGxYQPnVfjhWEjVZFMsIw50JpVhgG+QsA,Anime;Basic
Magicians,M2fY+uUMEwyv+HmJEYZfhLkwwXCiRA4DDN/d9JgRhN33XGSF4aTIecwwLJP2jQmEWdJesoDw7zsijP3fWVhrv+1nAOE8a2k4ZpHtYYbhCud4RhhW8pjJAMPnzetYQPjahH9MMLxj31w4Vuc8wArDS3L8mEB43pfrDCAMcjsA,Anime;Basic
Marincess,M2dQY8pjBuEM8WpWGI5V/gLHS/wdGWG4+hsrEwzLX9WBY70iXWYYPvNyLSMMnzDMYAbhYytvsfy+I8IYezyLGYZrv+1nAOHmnzmsIKzkMZMBhlc9UGeGYRmB20xHCuwZQXixdwgDCF8U4mIVzd/OAsN9CROZQbgsajYTCL8MvMIIwiC3AQA=,Anime;Basic
Salamangreat,M2c4qBzBCsNHesKYQThxthUjCB/zngXHm04uZoVh/U2yzDCseJyRBYRFs0NZYfiEYQYzCB9beYvl9x0Rxtpv+xlAOPiyNDMM//C4zMx+WJgBhJU8ZsJx1+PHDKWJ/Mww/PfsXUYYftGxjBmEe9dWMIHw1HM2rDDclzCRGYTNWR8xwDDI3QA=,Anime;Basic
z_Kaiju,M2eIWnWeGYZldV8wwfDBjjgWGHZWncAKwwkvjZlg+LiJBzMMZ3RsZYTh33dEGEVXvmYF4ZtBUxhg2CLwPVP/dxbW2m/7GUBY3yCCGYaVPGYywLDP3KWsMLxj31wmGK77qc8Cw+e7C5hhuPzbfkYYfj9XjwmGQe4CAA==,NonAnime;Basic
z_Mikanko,M2fQzZJgBOFtvQkMMFyg4soMwu0frrPA8O87Iowv+KWZYdgi8D1T/3cWVp5fh+G49tt+BhDO8l7JBMIP9mkxgnDeoXomEL79t4AZhH/HH2UBYca4wyxGejOYYFjJYyYDDAfbrGS5k6jNvGPfXCYYrvupzwLD57sLmGG4/Nt+Rhh+P1ePCYZBfgAA,NonAnime;Basic
z_Vendread,M2foC5QBY54LTxhBmDWbiQWEbb59YgJhpXnGLCB84cJ+RhC2WW7NAMIe353g+NjKWyy/74gwWgS+Z+r/zsLK8+swGM+QOs4Aw7Xf9oPxcqczcHz3TiWDQe0SVhhW8pjJAMPK6y8zgvCOfXOZQLjupz4LCJ/vLmAG4fJv+xlhWOtbESsMv5+rxwTDIP8AAA==,NonAnime;Ritual;Basic
z_Voiceless,M2fYLuvMCsJPdvAxw7Dglk5GGPbJ8GSAYaPbS8D4QRoCH1t5i+X3HRFGi8D3TP3fWVh5fh0G4xlSxxlguPbbfjBesfQeKwz/uxbCBMLHVysww7CSx0wGGM7+r8IKwjv2zWWC4bqf+iwwfL67gBmGy7/tZ4Th93P1mGAY5H4A,NonAnime;Ritual;Basic
z0_CardFemale,02G44ebC6FCoxf5wvRzT0Z7bLMwif5me7OBjfhTmwvQEiF8AscsMLfaFrNrsluc12PtTKllWMpkx5601YXLcuY/VNDCJcdNeDobZefHMEu1Pmbp6tNjPvOhljLwSxfLgkhb7yqmajI8O5rEcb4lgTsgsY73EZcdUoOLKvLU3jgmELz3SYHfXucdqJXWHeSunNvsuVy/WHfvmMh1NmMNQ91Of5Xx3AfPd92uYy7/tZ3w/V48JZB4A,Female;Catalog
z0_Dinomist,M2fICfGF4/cqR5lheJ6AAxMM/5vHygDDzzPvM8Pwr1dBTDCsKC/BAMPvQl8xwvDvOyKMFoHvmfq/s7DWftvPAMK7Ns9ggWEljiII9pjJAMMiV+cyw/COfXOZQLjupz4LCJ/vLmAG4fJv+xlh+Kh6GBy/n6vHBMdAfwAA,Pendulum;Basic
z0_Qliphort,M2eY4riAcZ8GLzMMC+96DsfKZ7JYYXhX7XEGEG6tt2B1Vr7BDMLVaVWsMLxuszMTDP++I8JoEfieqf87C2vtt/0MIBzx/CALDL9T42WE4ZmMFmCs5DGTAYZnbzBnBOGFae9YduybywTCdT/1WUD4fHcBMwiXf9vPCMNH1cPg+P1cPSYYBvkHAA==,Pendulum;Basic
zRite BlueEyes,M2dYuTKcFYZf7vZmgmGz41vBeP5vaxYYbn5wkMV9Ty0DDG9v8GUG4fui1Uwg/PuOCGP/dxbW2m/7GUC4bVIGHK9f+IIJhltWucLxiqf6rCB8YZMjIwwrecxkgOFndQpwHGxWwATDphcmMMMw3zw1BhCe3BvMBMJZ0YqMIAzyBwA=,Anime;Basic;Ritual
zXyz Salamangreat,M2c4qBzBCsNHesKYQThxthUjCB/zngXHm04uZoVh/U2yzDCseJyRBYRFs0NZYfiEYQYzCB9beYvl9x0Rxtpv+xlAOPiyNDMM//C4zMx+WJgBhJU8ZsJx1+PHDKWJ/MwwnD13EgMIK7SYsMLw37N3GUH4Rccy5t61FUwgPPWcDSsI9yVMZDZnfcQAwiB3AwA=,Anime;Basic;Xyz